pair_index,post_1,post_2,post_key,label,start_ind
0," does this thesis address the elements of rhetoric such as genre and genre conventions? is there a connection drawn between the use of genre and genre conventions and the conveyance of the rhetor's message to his or her original, intended audience? does this thesis go beyond the obvious and superficial? how so? does this thesis give you something to think about? for example, what? what suggestions do you have for improving or clarifying the thesis? hello zong-ting, i think you can talk more about the genre conventions you mentioned. it's great that you mentioned the new yorker as the audience, but you could mention more about what kind of people they are besides their race. the genres you mentioned could be tied closer to how they illicit a specific response from the audience, such as how a personal narrative and an open letter are both very intimate genres. the thesis could be dive deeper into the political stance ocean had and how he shows that through those genres. the thesis left me wondering more about the details rather than the idea. i suggest you clarify a few points and keep your thesis focused and clear. ","Hi [Name],

I was wondering if anyone can explain how the G0 phase works in living cells versus cells that are aging? Would there be some sort of way to tell if a cell is in G0 because it is simply inactive in proliferating or if it was actually dying due to aging?

Thank you!",og+cluster_eval,post1,28
1,"hey everyone!

do we need to know isotopes for the midterm? i don’t remember us covering them in class, but i just noticed they’re mentioned in the midterm packet. a little confused here. anyone have any insights? 😅

thanks in advance!","in the article ""the polarizing impact of science literacy,"" dan kahan states ""on the contrary, our findings could be viewed as evidence of how remarkably well equipped ordinary individuals are to discern which stances toward scientific information secure their personal interests."" do media sources where people tend to get information from also affect their personal interests? many different media sites tend to be biased at times, will this change the way people think about environmental issues? ",cluster_eval+og,post1,28
